Date,Tomato_Price,Onion_Price,Potato_Price
01-09-2026,32,36,25
02-09-2026,33,37,26
03-09-2026,35,39,27
04-09-2026,34,38,26
05-09-2026,36,40,28
06-09-2026,37,41,29
07-09-2026,35,39,27
08-09-2026,34,38,26
09-09-2026,33,37,25
10-09-2026,32,36,24
11-09-2026,34,38,26
12-09-2026,36,40,27
13-09-2026,38,42,29
14-09-2026,37,41,28
15-09-2026,35,39,27
16-09-2026,34,38,26
17-09-2026,36,40,28
18-09-2026,39,43,30
19-09-2026,40,44,31
20-09-2026,38,42,29
21-09-2026,36,40,28
22-09-2026,35,39,27
23-09-2026,37,41,29
24-09-2026,39,43,30
25-09-2026,41,45,32
26-09-2026,40,44,31
27-09-2026,38,42,30
28-09-2026,37,41,29
29-09-2026,39,43,30
30-09-2026,42,46,33