Date,Tomato_Price,Onion_Price,Potato_Price,Cabbage_Price,Cauliflower_Price,Brinjal_Price
01-09-2025,30,34,23,26,39,32
02-09-2025,31,35,24,27,40,33
03-09-2025,32,36,25,28,41,34
04-09-2025,31,35,24,27,40,33
05-09-2025,33,37,26,29,42,35
06-09-2025,34,38,27,30,43,36
07-09-2025,32,36,25,28,41,34
08-09-2025,31,35,24,27,40,33
09-09-2025,30,34,23,26,39,32
10-09-2025,29,33,22,25,38,31
11-09-2025,31,35,24,27,40,33
12-09-2025,33,37,26,29,42,35
13-09-2025,35,39,28,31,44,37
14-09-2025,34,38,27,30,43,36
15-09-2025,32,36,25,28,41,34
16-09-2025,31,35,24,27,40,33
17-09-2025,33,37,26,29,42,35
18-09-2025,36,40,29,32,45,38
19-09-2025,37,41,30,33,46,39
20-09-2025,35,39,28,31,44,37
21-09-2025,33,37,26,29,42,35
22-09-2025,32,36,25,28,41,34
23-09-2025,34,38,27,30,43,36
24-09-2025,36,40,29,32,45,38
25-09-2025,38,42,31,34,47,40
26-09-2025,37,41,30,33,46,39
27-09-2025,35,39,28,31,44,37
28-09-2025,34,38,27,30,43,36
29-09-2025,36,40,29,32,45,38
30-09-2025,39,43,32,35,48,41
01-09-2026,32,36,25,28,42,35
02-09-2026,33,37,26,29,43,36
03-09-2026,35,39,27,30,45,38
04-09-2026,34,38,26,29,44,37
05-09-2026,36,40,28,31,46,39
06-09-2026,37,41,29,32,47,40
07-09-2026,35,39,27,30,45,38
08-09-2026,34,38,26,29,44,37
09-09-2026,33,37,25,28,43,36
10-09-2026,32,36,24,27,42,35
11-09-2026,34,38,26,29,44,37
12-09-2026,36,40,27,31,46,39
13-09-2026,38,42,29,33,48,41
14-09-2026,37,41,28,32,47,40
15-09-2026,35,39,27,30,45,38
16-09-2026,34,38,26,29,44,37
17-09-2026,36,40,28,31,46,39
18-09-2026,39,43,30,34,49,42
19-09-2026,40,44,31,35,50,43
20-09-2026,38,42,29,33,48,41
21-09-2026,36,40,28,31,46,39
22-09-2026,35,39,27,30,45,38
23-09-2026,37,41,29,32,47,40
24-09-2026,39,43,30,34,49,42
25-09-2026,41,45,32,36,51,44
26-09-2026,40,44,31,35,50,43
27-09-2026,38,42,30,33,48,41
28-09-2026,37,41,29,32,47,40
29-09-2026,39,43,30,34,49,42
30-09-2026,42,46,33,37,52,45